[
{
    "model": "books.author",
    "pk": 1,
    "fields": {
        "name": "Author-ATa2-0",
        "age": 27
    }
},
{
    "model": "books.author",
    "pk": 2,
    "fields": {
        "name": "Author-ATa2-1",
        "age": 35
    }
},
{
    "model": "books.author",
    "pk": 3,
    "fields": {
        "name": "Author-ATa2-2",
        "age": 42
    }
},
{
    "model": "books.author",
    "pk": 4,
    "fields": {
        "name": "Author-ATa2-3",
        "age": 65
    }
},
{
    "model": "books.author",
    "pk": 5,
    "fields": {
        "name": "Author-ATa2-4",
        "age": 35
    }
},
{
    "model": "books.author",
    "pk": 6,
    "fields": {
        "name": "Author-ATa2-5",
        "age": 21
    }
},
{
    "model": "books.author",
    "pk": 7,
    "fields": {
        "name": "Author-ATa2-6",
        "age": 52
    }
},
{
    "model": "books.author",
    "pk": 8,
    "fields": {
        "name": "Author-ATa2-7",
        "age": 61
    }
},
{
    "model": "books.author",
    "pk": 9,
    "fields": {
        "name": "Author-ATa2-8",
        "age": 58
    }
},
{
    "model": "books.author",
    "pk": 10,
    "fields": {
        "name": "Author-ATa2-9",
        "age": 36
    }
},
{
    "model": "books.author",
    "pk": 11,
    "fields": {
        "name": "Author-ATa2-10",
        "age": 50
    }
},
{
    "model": "books.author",
    "pk": 12,
    "fields": {
        "name": "Author-ATa2-11",
        "age": 58
    }
},
{
    "model": "books.author",
    "pk": 13,
    "fields": {
        "name": "Author-ATa2-12",
        "age": 63
    }
},
{
    "model": "books.author",
    "pk": 14,
    "fields": {
        "name": "Author-ATa2-13",
        "age": 22
    }
},
{
    "model": "books.author",
    "pk": 15,
    "fields": {
        "name": "Author-ATa2-14",
        "age": 37
    }
},
{
    "model": "books.author",
    "pk": 16,
    "fields": {
        "name": "Author-ATa2-15",
        "age": 44
    }
},
{
    "model": "books.author",
    "pk": 17,
    "fields": {
        "name": "Author-ATa2-16",
        "age": 29
    }
},
{
    "model": "books.author",
    "pk": 18,
    "fields": {
        "name": "Author-ATa2-17",
        "age": 53
    }
},
{
    "model": "books.author",
    "pk": 19,
    "fields": {
        "name": "Author-ATa2-18",
        "age": 28
    }
},
{
    "model": "books.author",
    "pk": 20,
    "fields": {
        "name": "Author-ATa2-19",
        "age": 32
    }
},
{
    "model": "books.author",
    "pk": 21,
    "fields": {
        "name": "Author-ATa2-20",
        "age": 69
    }
},
{
    "model": "books.author",
    "pk": 22,
    "fields": {
        "name": "Author-ATa2-21",
        "age": 37
    }
},
{
    "model": "books.author",
    "pk": 23,
    "fields": {
        "name": "Author-ATa2-22",
        "age": 34
    }
},
{
    "model": "books.author",
    "pk": 24,
    "fields": {
        "name": "Author-ATa2-23",
        "age": 50
    }
},
{
    "model": "books.author",
    "pk": 25,
    "fields": {
        "name": "Author-ATa2-24",
        "age": 50
    }
},
{
    "model": "books.author",
    "pk": 26,
    "fields": {
        "name": "Сo-author-ONLY-ATa2-0",
        "age": 62
    }
},
{
    "model": "books.author",
    "pk": 27,
    "fields": {
        "name": "Сo-author-ONLY-ATa2-1",
        "age": 47
    }
},
{
    "model": "books.author",
    "pk": 28,
    "fields": {
        "name": "Сo-author-ONLY-ATa2-2",
        "age": 24
    }
},
{
    "model": "books.author",
    "pk": 29,
    "fields": {
        "name": "Сo-author-ONLY-ATa2-3",
        "age": 51
    }
},
{
    "model": "books.author",
    "pk": 30,
    "fields": {
        "name": "Author-v4Ey-0",
        "age": 67
    }
},
{
    "model": "books.author",
    "pk": 31,
    "fields": {
        "name": "Author-v4Ey-1",
        "age": 22
    }
},
{
    "model": "books.author",
    "pk": 32,
    "fields": {
        "name": "Author-v4Ey-2",
        "age": 46
    }
},
{
    "model": "books.author",
    "pk": 33,
    "fields": {
        "name": "Author-v4Ey-3",
        "age": 25
    }
},
{
    "model": "books.author",
    "pk": 34,
    "fields": {
        "name": "Author-v4Ey-4",
        "age": 54
    }
},
{
    "model": "books.author",
    "pk": 35,
    "fields": {
        "name": "Author-v4Ey-5",
        "age": 31
    }
},
{
    "model": "books.author",
    "pk": 36,
    "fields": {
        "name": "Author-v4Ey-6",
        "age": 36
    }
},
{
    "model": "books.author",
    "pk": 37,
    "fields": {
        "name": "Author-v4Ey-7",
        "age": 67
    }
},
{
    "model": "books.author",
    "pk": 38,
    "fields": {
        "name": "Author-v4Ey-8",
        "age": 32
    }
},
{
    "model": "books.author",
    "pk": 39,
    "fields": {
        "name": "Author-v4Ey-9",
        "age": 62
    }
},
{
    "model": "books.author",
    "pk": 40,
    "fields": {
        "name": "Author-v4Ey-10",
        "age": 40
    }
},
{
    "model": "books.author",
    "pk": 41,
    "fields": {
        "name": "Author-v4Ey-11",
        "age": 50
    }
},
{
    "model": "books.author",
    "pk": 42,
    "fields": {
        "name": "Author-v4Ey-12",
        "age": 62
    }
},
{
    "model": "books.author",
    "pk": 43,
    "fields": {
        "name": "Сo-author-ONLY-v4Ey-0",
        "age": 33
    }
},
{
    "model": "books.author",
    "pk": 44,
    "fields": {
        "name": "Сo-author-ONLY-v4Ey-1",
        "age": 56
    }
},
{
    "model": "books.author",
    "pk": 45,
    "fields": {
        "name": "Author-2dCn-0",
        "age": 64
    }
},
{
    "model": "books.author",
    "pk": 46,
    "fields": {
        "name": "Author-2dCn-1",
        "age": 47
    }
},
{
    "model": "books.author",
    "pk": 47,
    "fields": {
        "name": "Author-2dCn-2",
        "age": 58
    }
},
{
    "model": "books.author",
    "pk": 48,
    "fields": {
        "name": "Author-2dCn-3",
        "age": 42
    }
},
{
    "model": "books.author",
    "pk": 49,
    "fields": {
        "name": "Author-2dCn-4",
        "age": 63
    }
},
{
    "model": "books.author",
    "pk": 50,
    "fields": {
        "name": "Author-2dCn-5",
        "age": 35
    }
},
{
    "model": "books.publisher",
    "pk": 1,
    "fields": {
        "name": "Publisher-ATa2-0"
    }
},
{
    "model": "books.publisher",
    "pk": 2,
    "fields": {
        "name": "Publisher-ATa2-1"
    }
},
{
    "model": "books.publisher",
    "pk": 3,
    "fields": {
        "name": "Publisher-ATa2-2"
    }
},
{
    "model": "books.publisher",
    "pk": 4,
    "fields": {
        "name": "Publisher-ATa2-3"
    }
},
{
    "model": "books.publisher",
    "pk": 5,
    "fields": {
        "name": "Publisher-ATa2-4"
    }
},
{
    "model": "books.publisher",
    "pk": 6,
    "fields": {
        "name": "Publisher-ATa2-5"
    }
},
{
    "model": "books.publisher",
    "pk": 7,
    "fields": {
        "name": "Publisher-ATa2-6"
    }
},
{
    "model": "books.publisher",
    "pk": 8,
    "fields": {
        "name": "Publisher-ATa2-7"
    }
},
{
    "model": "books.publisher",
    "pk": 9,
    "fields": {
        "name": "Publisher-ATa2-8"
    }
},
{
    "model": "books.publisher",
    "pk": 10,
    "fields": {
        "name": "Publisher-ATa2-9"
    }
},
{
    "model": "books.publisher",
    "pk": 11,
    "fields": {
        "name": "Publisher-v4Ey-0"
    }
},
{
    "model": "books.publisher",
    "pk": 12,
    "fields": {
        "name": "Publisher-v4Ey-1"
    }
},
{
    "model": "books.publisher",
    "pk": 13,
    "fields": {
        "name": "Publisher-v4Ey-2"
    }
},
{
    "model": "books.publisher",
    "pk": 14,
    "fields": {
        "name": "Publisher-v4Ey-3"
    }
},
{
    "model": "books.publisher",
    "pk": 15,
    "fields": {
        "name": "Publisher-v4Ey-4"
    }
},
{
    "model": "books.publisher",
    "pk": 16,
    "fields": {
        "name": "Publisher-v4Ey-5"
    }
},
{
    "model": "books.publisher",
    "pk": 17,
    "fields": {
        "name": "Publisher-2dCn-0"
    }
},
{
    "model": "books.publisher",
    "pk": 18,
    "fields": {
        "name": "Publisher-2dCn-1"
    }
},
{
    "model": "books.publisher",
    "pk": 19,
    "fields": {
        "name": "Publisher-2dCn-2"
    }
},
{
    "model": "books.book",
    "pk": 2,
    "fields": {
        "name": "Book-ATa2-1",
        "pages": 151,
        "price": "10.00",
        "rating": 0.0,
        "publisher": 1,
        "pubdate": "1998-08-29",
        "authors": [
            13
        ]
    }
},
{
    "model": "books.book",
    "pk": 3,
    "fields": {
        "name": "Book-ATa2-2",
        "pages": 411,
        "price": "100.00",
        "rating": 0.0,
        "publisher": 1,
        "pubdate": "1998-05-01",
        "authors": [
            14
        ]
    }
},
{
    "model": "books.book",
    "pk": 4,
    "fields": {
        "name": "Book-ATa2-3",
        "pages": 525,
        "price": "130.00",
        "rating": 0.0,
        "publisher": 1,
        "pubdate": "1997-06-28",
        "authors": [
            1
        ]
    }
},
{
    "model": "books.book",
    "pk": 5,
    "fields": {
        "name": "Book-ATa2-4",
        "pages": 101,
        "price": "130.00",
        "rating": 0.0,
        "publisher": 2,
        "pubdate": "1984-10-02",
        "authors": [
            2
        ]
    }
},
{
    "model": "books.book",
    "pk": 6,
    "fields": {
        "name": "Book-ATa2-5",
        "pages": 464,
        "price": "25.00",
        "rating": 0.0,
        "publisher": 2,
        "pubdate": "1992-10-02",
        "authors": [
            17
        ]
    }
},
{
    "model": "books.book",
    "pk": 7,
    "fields": {
        "name": "Book-ATa2-6",
        "pages": 97,
        "price": "70.00",
        "rating": 0.0,
        "publisher": 2,
        "pubdate": "1980-12-22",
        "authors": [
            22
        ]
    }
},
{
    "model": "books.book",
    "pk": 8,
    "fields": {
        "name": "Book-ATa2-7",
        "pages": 103,
        "price": "55.00",
        "rating": 0.0,
        "publisher": 2,
        "pubdate": "2014-04-28",
        "authors": [
            4
        ]
    }
},
{
    "model": "books.book",
    "pk": 9,
    "fields": {
        "name": "Book-ATa2-8",
        "pages": 543,
        "price": "100.00",
        "rating": 0.0,
        "publisher": 3,
        "pubdate": "1996-11-02",
        "authors": [
            3
        ]
    }
},
{
    "model": "books.book",
    "pk": 10,
    "fields": {
        "name": "Book-ATa2-9",
        "pages": 61,
        "price": "190.00",
        "rating": 0.0,
        "publisher": 3,
        "pubdate": "2013-03-28",
        "authors": [
            23
        ]
    }
},
{
    "model": "books.book",
    "pk": 11,
    "fields": {
        "name": "Book-ATa2-10",
        "pages": 220,
        "price": "130.00",
        "rating": 0.0,
        "publisher": 3,
        "pubdate": "1994-06-02",
        "authors": [
            11
        ]
    }
},
{
    "model": "books.book",
    "pk": 12,
    "fields": {
        "name": "Book-ATa2-11",
        "pages": 469,
        "price": "100.00",
        "rating": 0.0,
        "publisher": 3,
        "pubdate": "1999-10-21",
        "authors": [
            2
        ]
    }
},
{
    "model": "books.book",
    "pk": 13,
    "fields": {
        "name": "Book-ATa2-12",
        "pages": 319,
        "price": "175.00",
        "rating": 0.0,
        "publisher": 3,
        "pubdate": "2012-10-26",
        "authors": [
            21
        ]
    }
},
{
    "model": "books.book",
    "pk": 14,
    "fields": {
        "name": "Book-ATa2-13",
        "pages": 530,
        "price": "85.00",
        "rating": 0.0,
        "publisher": 4,
        "pubdate": "2000-01-12",
        "authors": [
            23
        ]
    }
},
{
    "model": "books.book",
    "pk": 15,
    "fields": {
        "name": "Book-ATa2-14",
        "pages": 146,
        "price": "145.00",
        "rating": 0.0,
        "publisher": 4,
        "pubdate": "2021-04-09",
        "authors": [
            22
        ]
    }
},
{
    "model": "books.book",
    "pk": 16,
    "fields": {
        "name": "Book-ATa2-15",
        "pages": 108,
        "price": "100.00",
        "rating": 0.0,
        "publisher": 4,
        "pubdate": "2017-11-11",
        "authors": [
            25
        ]
    }
},
{
    "model": "books.book",
    "pk": 17,
    "fields": {
        "name": "Book-ATa2-16",
        "pages": 69,
        "price": "70.00",
        "rating": 0.0,
        "publisher": 4,
        "pubdate": "2006-08-01",
        "authors": [
            24
        ]
    }
},
{
    "model": "books.book",
    "pk": 18,
    "fields": {
        "name": "Book-ATa2-17",
        "pages": 137,
        "price": "40.00",
        "rating": 0.0,
        "publisher": 4,
        "pubdate": "1983-02-08",
        "authors": [
            8
        ]
    }
},
{
    "model": "books.book",
    "pk": 19,
    "fields": {
        "name": "Book-ATa2-18",
        "pages": 273,
        "price": "10.00",
        "rating": 0.0,
        "publisher": 4,
        "pubdate": "1995-11-20",
        "authors": [
            20
        ]
    }
},
{
    "model": "books.book",
    "pk": 20,
    "fields": {
        "name": "Book-ATa2-19",
        "pages": 299,
        "price": "130.00",
        "rating": 0.0,
        "publisher": 5,
        "pubdate": "1985-04-26",
        "authors": [
            20
        ]
    }
},
{
    "model": "books.book",
    "pk": 21,
    "fields": {
        "name": "Book-ATa2-20",
        "pages": 131,
        "price": "100.00",
        "rating": 0.0,
        "publisher": 5,
        "pubdate": "2004-06-14",
        "authors": [
            18
        ]
    }
},
{
    "model": "books.book",
    "pk": 22,
    "fields": {
        "name": "Book-ATa2-21",
        "pages": 359,
        "price": "25.00",
        "rating": 0.0,
        "publisher": 5,
        "pubdate": "2008-08-31",
        "authors": [
            14
        ]
    }
},
{
    "model": "books.book",
    "pk": 23,
    "fields": {
        "name": "Book-ATa2-22",
        "pages": 322,
        "price": "55.00",
        "rating": 0.0,
        "publisher": 5,
        "pubdate": "2016-04-07",
        "authors": [
            10
        ]
    }
},
{
    "model": "books.book",
    "pk": 24,
    "fields": {
        "name": "Book-ATa2-23",
        "pages": 92,
        "price": "145.00",
        "rating": 0.0,
        "publisher": 5,
        "pubdate": "1982-12-10",
        "authors": [
            3
        ]
    }
},
{
    "model": "books.book",
    "pk": 25,
    "fields": {
        "name": "Book-ATa2-24",
        "pages": 582,
        "price": "10.00",
        "rating": 0.0,
        "publisher": 5,
        "pubdate": "1985-07-07",
        "authors": [
            9
        ]
    }
},
{
    "model": "books.book",
    "pk": 26,
    "fields": {
        "name": "Book-ATa2-25",
        "pages": 342,
        "price": "25.00",
        "rating": 0.0,
        "publisher": 5,
        "pubdate": "1993-08-27",
        "authors": [
            13
        ]
    }
},
{
    "model": "books.book",
    "pk": 27,
    "fields": {
        "name": "Book-ATa2-26",
        "pages": 566,
        "price": "10.00",
        "rating": 0.0,
        "publisher": 6,
        "pubdate": "2019-04-22",
        "authors": [
            4
        ]
    }
},
{
    "model": "books.book",
    "pk": 28,
    "fields": {
        "name": "Book-ATa2-27",
        "pages": 340,
        "price": "115.00",
        "rating": 0.0,
        "publisher": 6,
        "pubdate": "1987-04-28",
        "authors": [
            6
        ]
    }
},
{
    "model": "books.book",
    "pk": 29,
    "fields": {
        "name": "Book-ATa2-28",
        "pages": 409,
        "price": "160.00",
        "rating": 0.0,
        "publisher": 6,
        "pubdate": "2005-10-29",
        "authors": [
            19
        ]
    }
},
{
    "model": "books.book",
    "pk": 30,
    "fields": {
        "name": "Book-ATa2-29",
        "pages": 166,
        "price": "160.00",
        "rating": 0.0,
        "publisher": 6,
        "pubdate": "2021-10-05",
        "authors": [
            11
        ]
    }
},
{
    "model": "books.book",
    "pk": 31,
    "fields": {
        "name": "Book-ATa2-30",
        "pages": 586,
        "price": "10.00",
        "rating": 0.0,
        "publisher": 7,
        "pubdate": "1983-07-05",
        "authors": [
            19
        ]
    }
},
{
    "model": "books.book",
    "pk": 32,
    "fields": {
        "name": "Book-ATa2-31",
        "pages": 157,
        "price": "160.00",
        "rating": 0.0,
        "publisher": 8,
        "pubdate": "1996-05-15",
        "authors": [
            17
        ]
    }
},
{
    "model": "books.book",
    "pk": 33,
    "fields": {
        "name": "Book-ATa2-32",
        "pages": 247,
        "price": "85.00",
        "rating": 0.0,
        "publisher": 8,
        "pubdate": "2010-08-26",
        "authors": [
            7
        ]
    }
},
{
    "model": "books.book",
    "pk": 34,
    "fields": {
        "name": "Book-ATa2-33",
        "pages": 76,
        "price": "40.00",
        "rating": 0.0,
        "publisher": 8,
        "pubdate": "1980-02-06",
        "authors": [
            21
        ]
    }
},
{
    "model": "books.book",
    "pk": 35,
    "fields": {
        "name": "Book-ATa2-34",
        "pages": 363,
        "price": "130.00",
        "rating": 0.0,
        "publisher": 8,
        "pubdate": "2001-08-31",
        "authors": [
            24
        ]
    }
},
{
    "model": "books.book",
    "pk": 36,
    "fields": {
        "name": "Book-ATa2-35",
        "pages": 492,
        "price": "10.00",
        "rating": 0.0,
        "publisher": 9,
        "pubdate": "2014-10-25",
        "authors": [
            12
        ]
    }
},
{
    "model": "books.book",
    "pk": 37,
    "fields": {
        "name": "Book-ATa2-36",
        "pages": 512,
        "price": "175.00",
        "rating": 0.0,
        "publisher": 9,
        "pubdate": "2017-09-18",
        "authors": [
            15
        ]
    }
},
{
    "model": "books.book",
    "pk": 38,
    "fields": {
        "name": "Book-ATa2-37",
        "pages": 473,
        "price": "25.00",
        "rating": 0.0,
        "publisher": 9,
        "pubdate": "1988-08-26",
        "authors": [
            16
        ]
    }
},
{
    "model": "books.book",
    "pk": 39,
    "fields": {
        "name": "Book-ATa2-38",
        "pages": 518,
        "price": "175.00",
        "rating": 0.0,
        "publisher": 9,
        "pubdate": "1989-04-23",
        "authors": [
            9
        ]
    }
},
{
    "model": "books.book",
    "pk": 40,
    "fields": {
        "name": "Book-ATa2-39",
        "pages": 200,
        "price": "175.00",
        "rating": 0.0,
        "publisher": 9,
        "pubdate": "1993-11-14",
        "authors": [
            3
        ]
    }
},
{
    "model": "books.book",
    "pk": 41,
    "fields": {
        "name": "Book-ATa2-40",
        "pages": 304,
        "price": "145.00",
        "rating": 0.0,
        "publisher": 9,
        "pubdate": "2009-12-18",
        "authors": [
            5
        ]
    }
},
{
    "model": "books.book",
    "pk": 42,
    "fields": {
        "name": "Co-book-ATa2-0",
        "pages": 167,
        "price": "169.00",
        "rating": 0.0,
        "publisher": 9,
        "pubdate": "1990-11-12",
        "authors": [
            5,
            11,
            14,
            21,
            23,
            28,
            29
        ]
    }
},
{
    "model": "books.book",
    "pk": 43,
    "fields": {
        "name": "Co-book-ATa2-1",
        "pages": 455,
        "price": "183.00",
        "rating": 0.0,
        "publisher": 10,
        "pubdate": "1998-01-08",
        "authors": [
            12,
            25,
            27
        ]
    }
},
{
    "model": "books.book",
    "pk": 44,
    "fields": {
        "name": "Co-book-ATa2-2",
        "pages": 246,
        "price": "23.00",
        "rating": 0.0,
        "publisher": 10,
        "pubdate": "1985-06-11",
        "authors": [
            3,
            26
        ]
    }
},
{
    "model": "books.book",
    "pk": 45,
    "fields": {
        "name": "Co-book-ATa2-3",
        "pages": 160,
        "price": "129.00",
        "rating": 0.0,
        "publisher": 10,
        "pubdate": "2014-04-20",
        "authors": [
            1,
            3,
            6,
            26
        ]
    }
},
{
    "model": "books.book",
    "pk": 47,
    "fields": {
        "name": "Book-v4Ey-0",
        "pages": 491,
        "price": "175.00",
        "rating": 0.0,
        "publisher": 13,
        "pubdate": "2012-07-26",
        "authors": [
            30
        ]
    }
},
{
    "model": "books.book",
    "pk": 48,
    "fields": {
        "name": "Book-v4Ey-1",
        "pages": 283,
        "price": "175.00",
        "rating": 0.0,
        "publisher": 14,
        "pubdate": "2014-02-04",
        "authors": [
            34
        ]
    }
},
{
    "model": "books.book",
    "pk": 49,
    "fields": {
        "name": "Book-v4Ey-2",
        "pages": 97,
        "price": "40.00",
        "rating": 0.0,
        "publisher": 14,
        "pubdate": "1989-06-03",
        "authors": [
            38
        ]
    }
},
{
    "model": "books.book",
    "pk": 50,
    "fields": {
        "name": "Book-v4Ey-3",
        "pages": 559,
        "price": "55.00",
        "rating": 0.0,
        "publisher": 14,
        "pubdate": "1987-09-02",
        "authors": [
            38
        ]
    }
},
{
    "model": "books.book",
    "pk": 51,
    "fields": {
        "name": "Book-v4Ey-4",
        "pages": 263,
        "price": "100.00",
        "rating": 0.0,
        "publisher": 14,
        "pubdate": "1998-03-12",
        "authors": [
            33
        ]
    }
},
{
    "model": "books.book",
    "pk": 52,
    "fields": {
        "name": "Book-v4Ey-5",
        "pages": 416,
        "price": "85.00",
        "rating": 0.0,
        "publisher": 14,
        "pubdate": "1983-11-13",
        "authors": [
            35
        ]
    }
},
{
    "model": "books.book",
    "pk": 53,
    "fields": {
        "name": "Book-v4Ey-6",
        "pages": 184,
        "price": "55.00",
        "rating": 0.0,
        "publisher": 15,
        "pubdate": "1996-05-30",
        "authors": [
            30
        ]
    }
},
{
    "model": "books.book",
    "pk": 54,
    "fields": {
        "name": "Book-v4Ey-7",
        "pages": 108,
        "price": "10.00",
        "rating": 0.0,
        "publisher": 15,
        "pubdate": "1987-01-28",
        "authors": [
            36
        ]
    }
},
{
    "model": "books.book",
    "pk": 55,
    "fields": {
        "name": "Book-v4Ey-8",
        "pages": 56,
        "price": "160.00",
        "rating": 0.0,
        "publisher": 15,
        "pubdate": "2000-08-12",
        "authors": [
            39
        ]
    }
},
{
    "model": "books.book",
    "pk": 56,
    "fields": {
        "name": "Book-v4Ey-9",
        "pages": 163,
        "price": "175.00",
        "rating": 0.0,
        "publisher": 15,
        "pubdate": "2012-05-04",
        "authors": [
            40
        ]
    }
},
{
    "model": "books.book",
    "pk": 57,
    "fields": {
        "name": "Book-v4Ey-10",
        "pages": 205,
        "price": "100.00",
        "rating": 0.0,
        "publisher": 15,
        "pubdate": "2021-07-03",
        "authors": [
            31
        ]
    }
},
{
    "model": "books.book",
    "pk": 58,
    "fields": {
        "name": "Book-v4Ey-11",
        "pages": 150,
        "price": "70.00",
        "rating": 0.0,
        "publisher": 16,
        "pubdate": "2007-09-07",
        "authors": [
            31
        ]
    }
},
{
    "model": "books.book",
    "pk": 59,
    "fields": {
        "name": "Book-v4Ey-12",
        "pages": 554,
        "price": "85.00",
        "rating": 0.0,
        "publisher": 16,
        "pubdate": "2013-08-13",
        "authors": [
            32
        ]
    }
},
{
    "model": "books.book",
    "pk": 60,
    "fields": {
        "name": "Book-v4Ey-13",
        "pages": 351,
        "price": "55.00",
        "rating": 0.0,
        "publisher": 16,
        "pubdate": "1991-02-23",
        "authors": [
            41
        ]
    }
},
{
    "model": "books.book",
    "pk": 61,
    "fields": {
        "name": "Book-v4Ey-14",
        "pages": 524,
        "price": "10.00",
        "rating": 0.0,
        "publisher": 16,
        "pubdate": "1980-07-02",
        "authors": [
            37
        ]
    }
},
{
    "model": "books.book",
    "pk": 62,
    "fields": {
        "name": "Book-v4Ey-15",
        "pages": 87,
        "price": "160.00",
        "rating": 0.0,
        "publisher": 16,
        "pubdate": "2020-11-06",
        "authors": [
            41
        ]
    }
},
{
    "model": "books.book",
    "pk": 63,
    "fields": {
        "name": "Book-v4Ey-16",
        "pages": 158,
        "price": "190.00",
        "rating": 0.0,
        "publisher": 16,
        "pubdate": "2001-12-19",
        "authors": [
            30
        ]
    }
},
{
    "model": "books.book",
    "pk": 64,
    "fields": {
        "name": "Book-v4Ey-17",
        "pages": 268,
        "price": "100.00",
        "rating": 0.0,
        "publisher": 11,
        "pubdate": "2005-12-05",
        "authors": [
            37
        ]
    }
},
{
    "model": "books.book",
    "pk": 65,
    "fields": {
        "name": "Book-v4Ey-18",
        "pages": 344,
        "price": "190.00",
        "rating": 0.0,
        "publisher": 11,
        "pubdate": "2002-03-10",
        "authors": [
            36
        ]
    }
},
{
    "model": "books.book",
    "pk": 66,
    "fields": {
        "name": "Book-v4Ey-19",
        "pages": 325,
        "price": "70.00",
        "rating": 0.0,
        "publisher": 11,
        "pubdate": "2012-04-07",
        "authors": [
            33
        ]
    }
},
{
    "model": "books.book",
    "pk": 67,
    "fields": {
        "name": "Book-v4Ey-20",
        "pages": 168,
        "price": "40.00",
        "rating": 0.0,
        "publisher": 11,
        "pubdate": "1993-01-22",
        "authors": [
            31
        ]
    }
},
{
    "model": "books.book",
    "pk": 68,
    "fields": {
        "name": "Book-v4Ey-21",
        "pages": 517,
        "price": "100.00",
        "rating": 0.0,
        "publisher": 11,
        "pubdate": "2021-07-31",
        "authors": [
            42
        ]
    }
},
{
    "model": "books.book",
    "pk": 69,
    "fields": {
        "name": "Book-v4Ey-22",
        "pages": 390,
        "price": "40.00",
        "rating": 0.0,
        "publisher": 11,
        "pubdate": "2008-02-27",
        "authors": [
            35
        ]
    }
},
{
    "model": "books.book",
    "pk": 70,
    "fields": {
        "name": "Book-v4Ey-23",
        "pages": 477,
        "price": "175.00",
        "rating": 0.0,
        "publisher": 11,
        "pubdate": "2021-04-12",
        "authors": [
            40
        ]
    }
},
{
    "model": "books.book",
    "pk": 71,
    "fields": {
        "name": "Book-v4Ey-24",
        "pages": 340,
        "price": "40.00",
        "rating": 0.0,
        "publisher": 12,
        "pubdate": "1991-09-15",
        "authors": [
            41
        ]
    }
},
{
    "model": "books.book",
    "pk": 72,
    "fields": {
        "name": "Book-v4Ey-25",
        "pages": 416,
        "price": "175.00",
        "rating": 0.0,
        "publisher": 12,
        "pubdate": "1986-05-29",
        "authors": [
            34
        ]
    }
},
{
    "model": "books.book",
    "pk": 73,
    "fields": {
        "name": "Co-book-v4Ey-0",
        "pages": 153,
        "price": "47.00",
        "rating": 0.0,
        "publisher": 12,
        "pubdate": "1988-04-30",
        "authors": [
            37,
            43,
            44
        ]
    }
},
{
    "model": "books.book",
    "pk": 74,
    "fields": {
        "name": "Co-book-v4Ey-1",
        "pages": 61,
        "price": "15.00",
        "rating": 0.0,
        "publisher": 12,
        "pubdate": "2003-04-01",
        "authors": [
            37,
            39,
            43
        ]
    }
},
{
    "model": "books.book",
    "pk": 75,
    "fields": {
        "name": "Co-book-v4Ey-2",
        "pages": 544,
        "price": "119.00",
        "rating": 0.0,
        "publisher": 12,
        "pubdate": "2001-12-10",
        "authors": [
            37,
            43,
            44
        ]
    }
},
{
    "model": "books.book",
    "pk": 76,
    "fields": {
        "name": "Co-book-v4Ey-3",
        "pages": 514,
        "price": "188.00",
        "rating": 0.0,
        "publisher": 12,
        "pubdate": "1997-11-16",
        "authors": [
            36,
            38
        ]
    }
},
{
    "model": "books.book",
    "pk": 77,
    "fields": {
        "name": "Book-2dCn-0",
        "pages": 375,
        "price": "130.00",
        "rating": 0.0,
        "publisher": 17,
        "pubdate": "1999-11-21",
        "authors": [
            46
        ]
    }
},
{
    "model": "books.book",
    "pk": 78,
    "fields": {
        "name": "Book-2dCn-1",
        "pages": 435,
        "price": "85.00",
        "rating": 0.0,
        "publisher": 17,
        "pubdate": "1989-04-18",
        "authors": [
            50
        ]
    }
},
{
    "model": "books.book",
    "pk": 79,
    "fields": {
        "name": "Book-2dCn-2",
        "pages": 78,
        "price": "70.00",
        "rating": 0.0,
        "publisher": 17,
        "pubdate": "1984-03-17",
        "authors": [
            49
        ]
    }
},
{
    "model": "books.book",
    "pk": 80,
    "fields": {
        "name": "Book-2dCn-3",
        "pages": 204,
        "price": "10.00",
        "rating": 0.0,
        "publisher": 17,
        "pubdate": "2014-11-04",
        "authors": [
            49
        ]
    }
},
{
    "model": "books.book",
    "pk": 81,
    "fields": {
        "name": "Book-2dCn-4",
        "pages": 378,
        "price": "115.00",
        "rating": 0.0,
        "publisher": 17,
        "pubdate": "1993-01-13",
        "authors": [
            45
        ]
    }
},
{
    "model": "books.book",
    "pk": 82,
    "fields": {
        "name": "Book-2dCn-5",
        "pages": 266,
        "price": "115.00",
        "rating": 0.0,
        "publisher": 17,
        "pubdate": "2010-02-17",
        "authors": [
            48
        ]
    }
},
{
    "model": "books.book",
    "pk": 83,
    "fields": {
        "name": "Book-2dCn-6",
        "pages": 487,
        "price": "175.00",
        "rating": 0.0,
        "publisher": 17,
        "pubdate": "1981-04-03",
        "authors": [
            48
        ]
    }
},
{
    "model": "books.book",
    "pk": 84,
    "fields": {
        "name": "Book-2dCn-7",
        "pages": 389,
        "price": "130.00",
        "rating": 0.0,
        "publisher": 17,
        "pubdate": "2013-07-09",
        "authors": [
            45
        ]
    }
},
{
    "model": "books.book",
    "pk": 85,
    "fields": {
        "name": "Book-2dCn-8",
        "pages": 540,
        "price": "40.00",
        "rating": 0.0,
        "publisher": 18,
        "pubdate": "2009-10-31",
        "authors": [
            46
        ]
    }
},
{
    "model": "books.book",
    "pk": 86,
    "fields": {
        "name": "Book-2dCn-9",
        "pages": 278,
        "price": "55.00",
        "rating": 0.0,
        "publisher": 18,
        "pubdate": "2004-06-16",
        "authors": [
            46
        ]
    }
},
{
    "model": "books.book",
    "pk": 87,
    "fields": {
        "name": "Book-2dCn-10",
        "pages": 177,
        "price": "130.00",
        "rating": 0.0,
        "publisher": 18,
        "pubdate": "1981-09-20",
        "authors": [
            47
        ]
    }
},
{
    "model": "books.book",
    "pk": 88,
    "fields": {
        "name": "Book-2dCn-11",
        "pages": 130,
        "price": "115.00",
        "rating": 0.0,
        "publisher": 18,
        "pubdate": "1990-05-25",
        "authors": [
            48
        ]
    }
},
{
    "model": "books.book",
    "pk": 89,
    "fields": {
        "name": "Book-2dCn-12",
        "pages": 435,
        "price": "70.00",
        "rating": 0.0,
        "publisher": 18,
        "pubdate": "2006-09-17",
        "authors": [
            49
        ]
    }
},
{
    "model": "books.book",
    "pk": 90,
    "fields": {
        "name": "Book-2dCn-13",
        "pages": 53,
        "price": "85.00",
        "rating": 0.0,
        "publisher": 19,
        "pubdate": "1995-07-24",
        "authors": [
            47
        ]
    }
},
{
    "model": "books.book",
    "pk": 91,
    "fields": {
        "name": "Co-book-2dCn-0",
        "pages": 145,
        "price": "28.00",
        "rating": 0.0,
        "publisher": 19,
        "pubdate": "1991-03-09",
        "authors": []
    }
},
{
    "model": "books.store",
    "pk": 1,
    "fields": {
        "name": "Store-ATa2-0",
        "books": [
            4,
            5,
            6,
            9,
            10,
            11,
            12,
            13,
            14,
            15,
            16,
            17,
            18,
            19,
            21,
            22,
            23,
            24,
            25,
            26,
            28,
            29,
            30,
            31,
            32,
            33,
            34,
            35,
            37,
            38,
            39,
            41,
            42,
            43,
            44,
            45
        ]
    }
},
{
    "model": "books.store",
    "pk": 2,
    "fields": {
        "name": "Store-ATa2-1",
        "books": [
            3,
            4,
            5,
            6,
            10,
            12,
            15,
            17,
            18,
            19,
            21,
            22,
            24,
            26,
            27,
            29,
            31,
            32,
            34,
            35,
            38,
            39,
            41,
            43,
            44,
            45
        ]
    }
},
{
    "model": "books.store",
    "pk": 3,
    "fields": {
        "name": "Store-ATa2-2",
        "books": [
            4,
            6,
            7,
            9,
            10,
            13,
            14,
            19,
            21,
            22,
            23,
            26,
            29,
            33,
            34,
            38,
            39,
            41,
            42,
            45
        ]
    }
},
{
    "model": "books.store",
    "pk": 4,
    "fields": {
        "name": "Store-ATa2-3",
        "books": [
            7,
            8,
            9,
            10,
            11,
            15,
            16,
            19,
            22,
            25,
            26,
            27,
            28,
            31,
            32,
            33,
            34,
            35,
            36,
            39,
            41,
            44,
            45
        ]
    }
},
{
    "model": "books.store",
    "pk": 5,
    "fields": {
        "name": "Store-ATa2-4",
        "books": [
            3,
            5,
            6,
            11,
            12,
            13,
            15,
            16,
            17,
            18,
            19,
            20,
            21,
            23,
            26,
            27,
            28,
            29,
            30,
            31,
            32,
            33,
            34,
            35,
            36,
            37,
            38,
            39,
            40,
            41,
            44,
            45
        ]
    }
},
{
    "model": "books.store",
    "pk": 6,
    "fields": {
        "name": "Store-ATa2-5",
        "books": [
            3,
            5,
            6,
            9,
            12,
            14,
            15,
            16,
            18,
            19,
            20,
            21,
            24,
            25,
            26,
            27,
            28,
            29,
            30,
            33,
            34,
            35,
            36,
            37,
            38,
            39,
            41,
            42,
            44,
            45
        ]
    }
},
{
    "model": "books.store",
    "pk": 7,
    "fields": {
        "name": "Store-ATa2-6",
        "books": [
            3,
            4,
            5,
            6,
            7,
            13,
            15,
            16,
            18,
            21,
            22,
            25,
            26,
            27,
            29,
            30,
            31,
            33,
            35,
            37,
            38,
            41,
            43,
            44,
            45
        ]
    }
},
{
    "model": "books.store",
    "pk": 8,
    "fields": {
        "name": "Store-v4Ey-0",
        "books": [
            47,
            48,
            50,
            54,
            56,
            57,
            61,
            63,
            64,
            65,
            66,
            67,
            68,
            69,
            70,
            71,
            72,
            73,
            76
        ]
    }
},
{
    "model": "books.store",
    "pk": 9,
    "fields": {
        "name": "Store-v4Ey-1",
        "books": [
            47,
            50,
            51,
            52,
            54,
            56,
            57,
            59,
            61,
            63,
            64,
            65,
            67,
            69,
            70,
            72,
            74,
            76
        ]
    }
},
{
    "model": "books.store",
    "pk": 10,
    "fields": {
        "name": "Store-v4Ey-2",
        "books": [
            47,
            51,
            52,
            53,
            58,
            59,
            61,
            62,
            65,
            67,
            68,
            69,
            70,
            73,
            75,
            76
        ]
    }
},
{
    "model": "books.store",
    "pk": 11,
    "fields": {
        "name": "Store-v4Ey-3",
        "books": [
            52,
            65,
            70,
            74
        ]
    }
},
{
    "model": "books.store",
    "pk": 12,
    "fields": {
        "name": "Store-v4Ey-4",
        "books": [
            48,
            50,
            52,
            53,
            54,
            55,
            56,
            57,
            58,
            60,
            61,
            62,
            63,
            64,
            65,
            66,
            67,
            68,
            71,
            72,
            73,
            75,
            76
        ]
    }
},
{
    "model": "books.store",
    "pk": 13,
    "fields": {
        "name": "Store-v4Ey-5",
        "books": [
            47,
            48,
            50,
            51,
            52,
            53,
            54,
            55,
            57,
            58,
            59,
            60,
            63,
            65,
            66,
            67,
            70,
            71,
            72,
            75,
            76
        ]
    }
},
{
    "model": "books.store",
    "pk": 14,
    "fields": {
        "name": "Store-v4Ey-6",
        "books": [
            47,
            48,
            49,
            50,
            51,
            54,
            56,
            58,
            59,
            60,
            62,
            63,
            67,
            69,
            70,
            74,
            75,
            76
        ]
    }
},
{
    "model": "books.store",
    "pk": 15,
    "fields": {
        "name": "Store-v4Ey-7",
        "books": [
            49,
            50,
            51,
            56,
            58,
            60,
            62,
            68,
            70,
            71
        ]
    }
},
{
    "model": "books.store",
    "pk": 16,
    "fields": {
        "name": "Store-v4Ey-8",
        "books": [
            48,
            49,
            51,
            54,
            56,
            57,
            59,
            60,
            61,
            62,
            63,
            64,
            65,
            66,
            68,
            69,
            70,
            73,
            74,
            75,
            76
        ]
    }
},
{
    "model": "books.store",
    "pk": 17,
    "fields": {
        "name": "Store-2dCn-0",
        "books": [
            77,
            79,
            80,
            82,
            87,
            89,
            90
        ]
    }
},
{
    "model": "books.store",
    "pk": 18,
    "fields": {
        "name": "Store-2dCn-1",
        "books": [
            91
        ]
    }
},
{
    "model": "books.store",
    "pk": 19,
    "fields": {
        "name": "Store-2dCn-2",
        "books": [
            77,
            78
        ]
    }
},
{
    "model": "books.store",
    "pk": 20,
    "fields": {
        "name": "Store-2dCn-3",
        "books": [
            77,
            79,
            81,
            83,
            84,
            86,
            88,
            89
        ]
    }
},
{
    "model": "books.store",
    "pk": 21,
    "fields": {
        "name": "Store-2dCn-4",
        "books": []
    }
},
{
    "model": "books.store",
    "pk": 22,
    "fields": {
        "name": "Store-2dCn-5",
        "books": [
            79,
            80,
            85,
            91
        ]
    }
}
]
